2026/09/30 09:28:29.045, 0 %, 33 MiB, 21.20 W
2026/09/30 09:28:30.048, 0 %, 33 MiB, 14.46 W
2026/09/30 09:28:31.048, 0 %, 33 MiB, 11.47 W
2026/09/30 09:28:32.048, 0 %, 33 MiB, 8.37 W
2026/09/30 09:28:33.049, 0 %, 33 MiB, 8.33 W
2026/09/30 09:28:34.049, 0 %, 33 MiB, 7.01 W
2026/09/30 09:28:35.050, 0 %, 33 MiB, 5.00 W
2026/09/30 09:28:36.050, 0 %, 33 MiB, 4.97 W
2026/09/30 09:28:37.051, 0 %, 33 MiB, 4.51 W
2026/09/30 09:28:38.051, 0 %, 33 MiB, 4.53 W
2026/09/30 09:28:39.052, 0 %, 33 MiB, 4.51 W
2026/09/30 09:28:40.052, 0 %, 33 MiB, 4.57 W
2026/09/30 09:28:41.053, 0 %, 33 MiB, 4.53 W
2026/09/30 09:28:42.053, 0 %, 33 MiB, 4.57 W
2026/09/30 09:28:43.054, 0 %, 33 MiB, 4.68 W
2026/09/30 09:28:44.054, 0 %, 33 MiB, 4.68 W
2026/09/30 09:28:45.057, 5 %, 3835 MiB, 5.82 W
2026/09/30 09:28:46.057, 7 %, 3835 MiB, 17.79 W
2026/09/30 09:28:47.057, 6 %, 3835 MiB, 17.87 W
2026/09/30 09:28:48.058, 6 %, 3835 MiB, 17.93 W
2026/09/30 09:28:49.058, 0 %, 3835 MiB, 17.62 W
2026/09/30 09:28:50.058, 6 %, 3933 MiB, 17.53 W
2026/09/30 09:28:51.058, 0 %, 3933 MiB, 17.12 W
2026/09/30 09:28:52.059, 0 %, 3933 MiB, 16.88 W
2026/09/30 09:28:53.059, 0 %, 3933 MiB, 16.72 W
2026/09/30 09:28:54.059, 0 %, 5825 MiB, 16.69 W
2026/09/30 09:28:55.060, 0 %, 5825 MiB, 16.74 W
2026/09/30 09:28:56.060, 0 %, 5825 MiB, 16.73 W
2026/09/30 09:28:57.060, 0 %, 5825 MiB, 16.45 W
2026/09/30 09:28:59.105, 2 %, 14571 MiB, 19.89 W
2026/09/30 09:29:00.106, 38 %, 14659 MiB, 22.72 W
2026/09/30 09:29:01.106, 21 %, 14659 MiB, 22.55 W
2026/09/30 09:29:02.106, 26 %, 14659 MiB, 21.78 W
2026/09/30 09:29:03.106, 29 %, 14659 MiB, 22.94 W
2026/09/30 09:29:04.106, 34 %, 14659 MiB, 24.78 W
2026/09/30 09:29:05.107, 13 %, 15129 MiB, 30.88 W
2026/09/30 09:29:06.107, 47 %, 15129 MiB, 45.49 W
2026/09/30 09:29:07.107, 34 %, 15129 MiB, 44.21 W
2026/09/30 09:29:08.107, 46 %, 15131 MiB, 50.42 W
2026/09/30 09:29:09.108, 52 %, 15131 MiB, 58.13 W
2026/09/30 09:29:10.108, 52 %, 15131 MiB, 53.58 W
2026/09/30 09:29:11.108, 50 %, 15131 MiB, 57.03 W
2026/09/30 09:29:12.108, 59 %, 15131 MiB, 60.72 W
2026/09/30 09:29:13.108, 57 %, 15131 MiB, 57.07 W
2026/09/30 09:29:14.109, 58 %, 15131 MiB, 55.81 W
2026/09/30 09:29:15.109, 53 %, 15131 MiB, 57.76 W
2026/09/30 09:29:16.109, 55 %, 15131 MiB, 61.53 W
2026/09/30 09:29:17.109, 48 %, 15131 MiB, 53.72 W
2026/09/30 09:29:18.110, 60 %, 15131 MiB, 62.31 W
2026/09/30 09:29:19.110, 49 %, 15131 MiB, 54.00 W
2026/09/30 09:29:20.110, 36 %, 15131 MiB, 49.95 W
2026/09/30 09:29:21.110, 54 %, 15131 MiB, 54.45 W
2026/09/30 09:29:22.111, 56 %, 15131 MiB, 59.82 W
2026/09/30 09:29:23.111, 64 %, 15131 MiB, 57.97 W
2026/09/30 09:29:24.111, 52 %, 15131 MiB, 55.23 W
2026/09/30 09:29:25.111, 49 %, 15131 MiB, 61.29 W
2026/09/30 09:29:26.112, 57 %, 15131 MiB, 60.54 W
2026/09/30 09:29:27.112, 48 %, 15131 MiB, 56.20 W
2026/09/30 09:29:28.112, 60 %, 15131 MiB, 66.20 W
2026/09/30 09:29:29.113, 45 %, 15131 MiB, 57.62 W
2026/09/30 09:29:30.113, 63 %, 15131 MiB, 61.94 W
2026/09/30 09:29:31.113, 49 %, 15131 MiB, 62.60 W
2026/09/30 09:29:32.113, 51 %, 15131 MiB, 61.34 W
2026/09/30 09:29:33.114, 36 %, 15131 MiB, 56.20 W
2026/09/30 09:29:34.114, 51 %, 14201 MiB, 55.56 W
2026/09/30 09:29:35.114, 13 %, 33 MiB, 26.69 W
