2026/09/30 09:20:07.495, 0 %, 33 MiB, 22.78 W
2026/09/30 09:20:08.497, 0 %, 33 MiB, 22.43 W
2026/09/30 09:20:09.498, 0 %, 33 MiB, 16.89 W
2026/09/30 09:20:10.499, 0 %, 33 MiB, 12.11 W
2026/09/30 09:20:11.499, 0 %, 33 MiB, 10.18 W
2026/09/30 09:20:12.500, 0 %, 33 MiB, 7.34 W
2026/09/30 09:20:13.500, 0 %, 33 MiB, 7.19 W
2026/09/30 09:20:14.501, 0 %, 33 MiB, 4.51 W
2026/09/30 09:20:15.501, 0 %, 33 MiB, 4.42 W
2026/09/30 09:20:16.502, 0 %, 33 MiB, 4.38 W
2026/09/30 09:20:17.503, 0 %, 33 MiB, 4.28 W
2026/09/30 09:20:18.503, 0 %, 33 MiB, 4.22 W
2026/09/30 09:20:19.504, 0 %, 33 MiB, 4.32 W
2026/09/30 09:20:20.504, 0 %, 33 MiB, 4.48 W
2026/09/30 09:20:21.505, 0 %, 33 MiB, 4.20 W
2026/09/30 09:20:22.505, 0 %, 33 MiB, 4.23 W
2026/09/30 09:20:23.506, 5 %, 3835 MiB, 9.75 W
2026/09/30 09:20:24.506, 6 %, 3835 MiB, 17.64 W
2026/09/30 09:20:25.506, 6 %, 3835 MiB, 17.59 W
2026/09/30 09:20:26.506, 13 %, 3835 MiB, 17.68 W
2026/09/30 09:20:27.507, 0 %, 3933 MiB, 17.69 W
2026/09/30 09:20:28.507, 0 %, 3933 MiB, 17.10 W
2026/09/30 09:20:29.507, 0 %, 3933 MiB, 16.72 W
2026/09/30 09:20:30.508, 0 %, 5825 MiB, 16.71 W
2026/09/30 09:20:31.508, 0 %, 5825 MiB, 16.79 W
2026/09/30 09:20:32.508, 0 %, 5825 MiB, 16.53 W
2026/09/30 09:20:33.508, 0 %, 5825 MiB, 16.53 W
2026/09/30 09:20:34.736, 2 %, 14571 MiB, 19.23 W
2026/09/30 09:20:35.736, 37 %, 14671 MiB, 20.92 W
2026/09/30 09:20:36.736, 25 %, 14671 MiB, 23.32 W
2026/09/30 09:20:37.737, 16 %, 14671 MiB, 22.85 W
2026/09/30 09:20:38.737, 22 %, 14671 MiB, 21.79 W
2026/09/30 09:20:39.737, 40 %, 14671 MiB, 22.87 W
2026/09/30 09:20:40.738, 34 %, 14671 MiB, 24.78 W
2026/09/30 09:20:41.738, 38 %, 14671 MiB, 25.34 W
2026/09/30 09:20:42.738, 49 %, 15129 MiB, 30.94 W
2026/09/30 09:20:43.738, 36 %, 15129 MiB, 40.69 W
2026/09/30 09:20:44.738, 49 %, 15129 MiB, 45.26 W
2026/09/30 09:20:45.739, 45 %, 15129 MiB, 50.22 W
2026/09/30 09:20:46.739, 49 %, 15129 MiB, 53.13 W
2026/09/30 09:20:47.739, 40 %, 15129 MiB, 48.37 W
2026/09/30 09:20:48.739, 45 %, 15129 MiB, 49.36 W
2026/09/30 09:20:49.739, 53 %, 15129 MiB, 56.08 W
2026/09/30 09:20:50.740, 42 %, 15129 MiB, 52.56 W
2026/09/30 09:20:51.740, 57 %, 15129 MiB, 57.69 W
2026/09/30 09:20:52.740, 45 %, 15129 MiB, 59.73 W
2026/09/30 09:20:53.740, 46 %, 15129 MiB, 58.44 W
2026/09/30 09:20:54.740, 52 %, 15129 MiB, 61.34 W
2026/09/30 09:20:55.741, 52 %, 15129 MiB, 61.69 W
2026/09/30 09:20:56.741, 55 %, 15129 MiB, 63.10 W
2026/09/30 09:20:57.741, 48 %, 15129 MiB, 64.62 W
2026/09/30 09:20:58.741, 38 %, 15129 MiB, 60.11 W
2026/09/30 09:20:59.741, 56 %, 15129 MiB, 58.05 W
2026/09/30 09:21:00.742, 49 %, 15129 MiB, 55.66 W
2026/09/30 09:21:01.742, 46 %, 15129 MiB, 51.82 W
2026/09/30 09:21:02.742, 51 %, 15129 MiB, 58.41 W
2026/09/30 09:21:03.742, 47 %, 15129 MiB, 53.55 W
2026/09/30 09:21:04.742, 62 %, 15129 MiB, 61.68 W
2026/09/30 09:21:05.743, 53 %, 15129 MiB, 60.19 W
2026/09/30 09:21:06.743, 44 %, 15129 MiB, 55.84 W
2026/09/30 09:21:07.743, 51 %, 15129 MiB, 58.06 W
2026/09/30 09:21:08.743, 53 %, 15129 MiB, 57.90 W
2026/09/30 09:21:09.743, 55 %, 15129 MiB, 60.46 W
2026/09/30 09:21:10.744, 48 %, 14199 MiB, 61.50 W
2026/09/30 09:21:11.744, 0 %, 9194 MiB, 29.32 W
2026/09/30 09:21:12.744, 0 %, 33 MiB, 20.04 W
