2026/09/30 09:19:16.450, 0 %, 33 MiB, 21.79 W
2026/09/30 09:19:17.452, 0 %, 33 MiB, 21.40 W
2026/09/30 09:19:18.452, 0 %, 33 MiB, 17.00 W
2026/09/30 09:19:19.453, 0 %, 33 MiB, 13.18 W
2026/09/30 09:19:20.453, 0 %, 33 MiB, 8.40 W
2026/09/30 09:19:21.454, 0 %, 33 MiB, 8.37 W
2026/09/30 09:19:22.454, 0 %, 33 MiB, 6.28 W
2026/09/30 09:19:23.455, 0 %, 33 MiB, 5.47 W
2026/09/30 09:19:24.455, 0 %, 33 MiB, 4.54 W
2026/09/30 09:19:25.455, 0 %, 33 MiB, 4.41 W
2026/09/30 09:19:26.456, 0 %, 33 MiB, 4.37 W
2026/09/30 09:19:27.456, 0 %, 33 MiB, 4.33 W
2026/09/30 09:19:28.457, 0 %, 33 MiB, 4.32 W
2026/09/30 09:19:29.457, 0 %, 33 MiB, 4.42 W
2026/09/30 09:19:30.457, 0 %, 33 MiB, 4.54 W
2026/09/30 09:19:31.458, 0 %, 33 MiB, 4.28 W
2026/09/30 09:19:32.458, 0 %, 3835 MiB, 6.27 W
2026/09/30 09:19:33.458, 6 %, 3835 MiB, 17.78 W
2026/09/30 09:19:34.459, 6 %, 3835 MiB, 17.74 W
2026/09/30 09:19:35.459, 6 %, 3835 MiB, 17.74 W
2026/09/30 09:19:36.459, 6 %, 3835 MiB, 17.45 W
2026/09/30 09:19:37.460, 34 %, 3933 MiB, 17.27 W
2026/09/30 09:19:38.460, 0 %, 3933 MiB, 16.91 W
2026/09/30 09:19:39.460, 0 %, 5825 MiB, 16.75 W
2026/09/30 09:19:40.461, 0 %, 5825 MiB, 16.77 W
2026/09/30 09:19:41.461, 0 %, 5825 MiB, 16.78 W
2026/09/30 09:19:42.461, 0 %, 5825 MiB, 16.49 W
2026/09/30 09:19:43.461, 0 %, 14571 MiB, 17.13 W
2026/09/30 09:19:44.462, 0 %, 14661 MiB, 19.05 W
2026/09/30 09:19:45.462, 39 %, 14661 MiB, 23.10 W
2026/09/30 09:19:46.462, 23 %, 14661 MiB, 22.37 W
2026/09/30 09:19:47.462, 24 %, 14661 MiB, 21.28 W
2026/09/30 09:19:48.462, 21 %, 14661 MiB, 22.59 W
2026/09/30 09:19:49.463, 34 %, 14661 MiB, 24.00 W
2026/09/30 09:19:50.463, 31 %, 15129 MiB, 24.99 W
2026/09/30 09:19:51.463, 41 %, 15129 MiB, 36.31 W
2026/09/30 09:19:52.463, 37 %, 15129 MiB, 41.06 W
2026/09/30 09:19:53.464, 48 %, 15129 MiB, 46.86 W
2026/09/30 09:19:54.464, 39 %, 15129 MiB, 49.00 W
2026/09/30 09:19:55.464, 48 %, 15129 MiB, 54.28 W
2026/09/30 09:19:56.464, 49 %, 15129 MiB, 52.19 W
2026/09/30 09:19:57.464, 49 %, 15129 MiB, 60.17 W
2026/09/30 09:19:58.465, 33 %, 15129 MiB, 60.16 W
2026/09/30 09:19:59.465, 60 %, 15129 MiB, 64.21 W
2026/09/30 09:20:00.465, 33 %, 15129 MiB, 48.32 W
2026/09/30 09:20:01.465, 40 %, 15129 MiB, 49.91 W
2026/09/30 09:20:02.466, 43 %, 15129 MiB, 50.31 W
2026/09/30 09:20:03.466, 54 %, 15129 MiB, 55.83 W
2026/09/30 09:20:04.466, 38 %, 15129 MiB, 45.32 W
2026/09/30 09:20:05.466, 49 %, 15129 MiB, 52.42 W
2026/09/30 09:20:06.467, 48 %, 9194 MiB, 41.82 W
