2026/09/29 17:31:59.742, 0 %, 33 MiB, 22.74 W
2026/09/29 17:32:00.744, 0 %, 33 MiB, 17.54 W
2026/09/29 17:32:01.745, 0 %, 33 MiB, 11.15 W
2026/09/29 17:32:02.746, 0 %, 33 MiB, 8.52 W
2026/09/29 17:32:03.746, 0 %, 33 MiB, 8.49 W
2026/09/29 17:32:04.747, 0 %, 33 MiB, 6.59 W
2026/09/29 17:32:05.747, 0 %, 33 MiB, 5.58 W
2026/09/29 17:32:06.748, 0 %, 33 MiB, 4.73 W
2026/09/29 17:32:07.748, 0 %, 33 MiB, 4.66 W
2026/09/29 17:32:08.749, 0 %, 33 MiB, 4.66 W
2026/09/29 17:32:09.749, 0 %, 33 MiB, 4.64 W
2026/09/29 17:32:10.750, 0 %, 33 MiB, 4.61 W
2026/09/29 17:32:11.750, 0 %, 33 MiB, 4.67 W
2026/09/29 17:32:12.751, 0 %, 33 MiB, 4.92 W
2026/09/29 17:32:13.751, 0 %, 33 MiB, 4.62 W
2026/09/29 17:32:14.752, 0 %, 33 MiB, 4.60 W
2026/09/29 17:32:15.752, 2 %, 3835 MiB, 11.78 W
2026/09/29 17:32:16.752, 7 %, 3835 MiB, 18.14 W
2026/09/29 17:32:17.752, 6 %, 3835 MiB, 18.17 W
2026/09/29 17:32:18.753, 7 %, 3835 MiB, 18.18 W
2026/09/29 17:32:19.753, 0 %, 3835 MiB, 17.75 W
2026/09/29 17:32:20.753, 4 %, 3933 MiB, 17.81 W
2026/09/29 17:32:21.753, 0 %, 5937 MiB, 17.14 W
2026/09/29 17:32:22.754, 0 %, 5937 MiB, 17.11 W
2026/09/29 17:32:23.754, 0 %, 5937 MiB, 16.77 W
2026/09/29 17:32:24.754, 0 %, 5937 MiB, 16.98 W
2026/09/29 17:32:25.754, 0 %, 14683 MiB, 19.75 W
2026/09/29 17:32:26.754, 0 %, 14775 MiB, 19.87 W
2026/09/29 17:32:27.754, 19 %, 14775 MiB, 23.73 W
2026/09/29 17:32:28.756, 26 %, 14775 MiB, 22.81 W
2026/09/29 17:32:29.756, 22 %, 14775 MiB, 22.28 W
2026/09/29 17:32:30.756, 32 %, 14775 MiB, 24.31 W
2026/09/29 17:32:31.756, 34 %, 15145 MiB, 25.13 W
2026/09/29 17:32:32.756, 34 %, 15385 MiB, 40.35 W
2026/09/29 17:32:33.757, 50 %, 15387 MiB, 43.63 W
2026/09/29 17:32:34.757, 41 %, 15387 MiB, 44.64 W
2026/09/29 17:32:35.757, 40 %, 15387 MiB, 53.70 W
2026/09/29 17:32:36.757, 35 %, 15387 MiB, 52.93 W
2026/09/29 17:32:37.757, 46 %, 15387 MiB, 53.84 W
2026/09/29 17:32:38.758, 35 %, 15387 MiB, 54.25 W
2026/09/29 17:32:39.758, 52 %, 15387 MiB, 57.22 W
2026/09/29 17:32:40.758, 39 %, 15387 MiB, 52.09 W
2026/09/29 17:32:41.758, 54 %, 15387 MiB, 55.45 W
2026/09/29 17:32:42.758, 50 %, 15387 MiB, 57.01 W
2026/09/29 17:32:43.759, 53 %, 15387 MiB, 59.50 W
2026/09/29 17:32:44.759, 40 %, 15387 MiB, 55.87 W
2026/09/29 17:32:45.759, 49 %, 15387 MiB, 61.27 W
2026/09/29 17:32:46.759, 27 %, 15387 MiB, 48.23 W
2026/09/29 17:32:47.759, 39 %, 15387 MiB, 48.76 W
2026/09/29 17:32:48.760, 39 %, 15387 MiB, 53.40 W
2026/09/29 17:32:49.760, 51 %, 15387 MiB, 58.68 W
2026/09/29 17:32:50.760, 49 %, 15387 MiB, 53.10 W
2026/09/29 17:32:51.760, 54 %, 15387 MiB, 60.42 W
2026/09/29 17:32:52.760, 55 %, 15387 MiB, 63.57 W
2026/09/29 17:32:53.761, 54 %, 15387 MiB, 55.87 W
2026/09/29 17:32:54.761, 50 %, 15387 MiB, 61.40 W
2026/09/29 17:32:55.761, 55 %, 15387 MiB, 63.48 W
2026/09/29 17:32:56.761, 43 %, 15387 MiB, 57.93 W
2026/09/29 17:32:57.761, 54 %, 15387 MiB, 55.99 W
2026/09/29 17:32:58.762, 10 %, 15387 MiB, 39.25 W
2026/09/29 17:32:59.762, 47 %, 15387 MiB, 60.74 W
2026/09/29 17:33:00.762, 43 %, 15387 MiB, 54.87 W
2026/09/29 17:33:01.763, 49 %, 9349 MiB, 52.45 W
2026/09/29 17:33:02.763, 9 %, 9308 MiB, 25.17 W
2026/09/29 17:33:03.763, 0 %, 33 MiB, 22.14 W
