2026/09/29 17:36:41.017, 0 %, 33 MiB, 16.70 W
2026/09/29 17:36:42.019, 0 %, 33 MiB, 16.61 W
2026/09/29 17:36:43.019, 0 %, 33 MiB, 8.25 W
2026/09/29 17:36:44.020, 0 %, 33 MiB, 8.19 W
2026/09/29 17:36:45.020, 0 %, 33 MiB, 8.11 W
2026/09/29 17:36:46.021, 0 %, 33 MiB, 5.31 W
2026/09/29 17:36:47.021, 0 %, 33 MiB, 5.20 W
2026/09/29 17:36:48.021, 0 %, 33 MiB, 4.47 W
2026/09/29 17:36:49.022, 0 %, 33 MiB, 4.36 W
2026/09/29 17:36:50.023, 0 %, 33 MiB, 4.34 W
2026/09/29 17:36:51.023, 0 %, 33 MiB, 4.32 W
2026/09/29 17:36:52.023, 0 %, 33 MiB, 4.33 W
2026/09/29 17:36:53.024, 0 %, 33 MiB, 4.31 W
2026/09/29 17:36:54.024, 0 %, 33 MiB, 4.40 W
2026/09/29 17:36:55.025, 0 %, 33 MiB, 4.34 W
2026/09/29 17:36:56.041, 0 %, 33 MiB, 4.32 W
2026/09/29 17:36:57.041, 0 %, 3835 MiB, 7.10 W
2026/09/29 17:36:58.042, 6 %, 3835 MiB, 17.68 W
2026/09/29 17:36:59.042, 6 %, 3835 MiB, 17.76 W
2026/09/29 17:37:00.042, 6 %, 3835 MiB, 17.75 W
2026/09/29 17:37:01.043, 7 %, 3835 MiB, 17.43 W
2026/09/29 17:37:02.043, 6 %, 3933 MiB, 17.53 W
2026/09/29 17:37:03.043, 0 %, 5937 MiB, 17.11 W
2026/09/29 17:37:04.043, 0 %, 5937 MiB, 16.85 W
2026/09/29 17:37:05.043, 0 %, 5937 MiB, 16.84 W
2026/09/29 17:37:06.044, 0 %, 5937 MiB, 16.43 W
2026/09/29 17:37:07.162, 0 %, 14683 MiB, 18.69 W
2026/09/29 17:37:08.163, 30 %, 14775 MiB, 22.71 W
2026/09/29 17:37:09.163, 26 %, 14775 MiB, 22.67 W
2026/09/29 17:37:10.163, 26 %, 14775 MiB, 21.48 W
2026/09/29 17:37:11.163, 29 %, 14775 MiB, 22.80 W
2026/09/29 17:37:12.163, 32 %, 14775 MiB, 24.47 W
2026/09/29 17:37:13.164, 38 %, 15361 MiB, 27.09 W
2026/09/29 17:37:14.164, 45 %, 15385 MiB, 37.61 W
2026/09/29 17:37:15.164, 39 %, 15385 MiB, 44.26 W
2026/09/29 17:37:16.164, 42 %, 15385 MiB, 52.50 W
2026/09/29 17:37:17.164, 49 %, 15385 MiB, 55.46 W
2026/09/29 17:37:18.165, 46 %, 15385 MiB, 57.15 W
2026/09/29 17:37:19.165, 42 %, 15387 MiB, 54.58 W
2026/09/29 17:37:20.165, 55 %, 15387 MiB, 64.22 W
2026/09/29 17:37:21.165, 56 %, 15387 MiB, 60.04 W
2026/09/29 17:37:22.165, 54 %, 15387 MiB, 66.25 W
2026/09/29 17:37:23.166, 37 %, 15387 MiB, 47.82 W
2026/09/29 17:37:24.166, 32 %, 15387 MiB, 47.64 W
2026/09/29 17:37:25.166, 51 %, 15387 MiB, 50.94 W
2026/09/29 17:37:26.166, 21 %, 15387 MiB, 47.45 W
2026/09/29 17:37:27.167, 12 %, 15387 MiB, 40.80 W
2026/09/29 17:37:28.167, 27 %, 15387 MiB, 38.62 W
2026/09/29 17:37:29.167, 12 %, 14309 MiB, 46.44 W
2026/09/29 17:37:30.168, 0 %, 33 MiB, 24.40 W
